UserID,Name,Age,Country,SignupDate,PurchaseAmount,IsPremium
U1000,User_0,40,UK,2023-01-01,462.69,False
U1001,User_1,23,UK,2023-01-02,248.9,False
U1002,User_2,28,India,2023-01-03,888.86,True
U1003,User_3,42,Australia,2023-01-04,846.18,False
U1004,User_4,26,Australia,2023-01-05,106.44,True
U1005,User_5,33,India,2023-01-06,740.09,False
U1006,User_6,18,Australia,2023-01-07,591.27,True
U1007,User_7,35,Germany,2023-01-08,540.01,True
U1008,User_8,59,India,2023-01-09,651.81,False
U1009,User_9,47,Germany,2023-01-10,613.56,False
U1010,User_10,53,Germany,2023-01-11,749.45,True
U1011,User_11,48,Germany,2023-01-12,547.35,False
U1012,User_12,31,USA,2023-01-13,250.08,True
U1013,User_13,56,Germany,2023-01-14,491.96,False
U1014,User_14,40,Germany,2023-01-15,725.65,False
U1015,User_15,42,UK,2023-01-16,641.31,False
U1016,User_16,18,India,2023-01-17,543.2,False
U1017,User_17,31,USA,2023-01-18,568.34,True
U1018,User_18,46,Germany,2023-01-19,531.71,True
U1019,User_19,26,Germany,2023-01-20,402.36,True
U1020,User_20,52,USA,2023-01-21,261.77,False
U1021,User_21,24,Germany,2023-01-22,236.45,False
U1022,User_22,24,India,2023-01-23,110.56,False
U1023,User_23,56,USA,2023-01-24,631.28,False
U1024,User_24,32,UK,2023-01-25,901.91,True
U1025,User_25,43,UK,2023-01-26,160.41,True
U1026,User_26,46,USA,2023-01-27,999.24,False
U1027,User_27,28,USA,2023-01-28,680.32,False
U1028,User_28,31,Germany,2023-01-29,293.5,True
U1029,User_29,26,UK,2023-01-30,701.7,True
U1030,User_30,31,Germany,2023-01-31,496.2,False
U1031,User_31,52,USA,2023-02-01,476.07,True
U1032,User_32,21,Australia,2023-02-02,387.35,True
U1033,User_33,25,UK,2023-02-03,540.06,False
U1034,User_34,57,Germany,2023-02-04,549.06,True
U1035,User_35,34,India,2023-02-05,495.43,False
U1036,User_36,38,USA,2023-02-06,129.98,False
U1037,User_37,22,India,2023-02-07,669.97,True
U1038,User_38,53,USA,2023-02-08,847.64,False
U1039,User_39,39,India,2023-02-09,375.2,False
U1040,User_40,53,UK,2023-02-10,841.72,False
U1041,User_41,44,Germany,2023-02-11,988.56,True
U1042,User_42,26,Germany,2023-02-12,479.54,False
U1043,User_43,24,India,2023-02-13,524.17,False
U1044,User_44,21,Germany,2023-02-14,719.33,False
U1045,User_45,57,UK,2023-02-15,702.16,True
U1046,User_46,36,Australia,2023-02-16,641.43,True
U1047,User_47,57,USA,2023-02-17,524.0,False
U1048,User_48,30,UK,2023-02-18,492.08,True
U1049,User_49,22,USA,2023-02-19,794.53,False
U1050,User_50,46,UK,2023-02-20,859.13,False
U1051,User_51,39,USA,2023-02-21,165.02,False
U1052,User_52,58,Australia,2023-02-22,742.25,True
U1053,User_53,37,India,2023-02-23,294.08,False
U1054,User_54,48,UK,2023-02-24,525.28,True
U1055,User_55,42,India,2023-02-25,647.55,True
U1056,User_56,52,Germany,2023-02-26,262.68,False
U1057,User_57,43,Australia,2023-02-27,502.45,True
U1058,User_58,46,Germany,2023-02-28,285.34,False
U1059,User_59,43,UK,2023-03-01,541.46,False
U1060,User_60,38,India,2023-03-02,613.5,True
U1061,User_61,48,India,2023-03-03,374.25,True
U1062,User_62,26,India,2023-03-04,656.93,False
U1063,User_63,37,UK,2023-03-05,704.82,False
U1064,User_64,48,UK,2023-03-06,662.82,False
U1065,User_65,24,India,2023-03-07,901.93,True
U1066,User_66,38,Germany,2023-03-08,356.07,True
U1067,User_67,56,Australia,2023-03-09,255.69,False
U1068,User_68,56,Australia,2023-03-10,878.82,True
U1069,User_69,19,Germany,2023-03-11,151.44,False
U1070,User_70,18,India,2023-03-12,830.2,True
U1071,User_71,35,India,2023-03-13,780.09,False
U1072,User_72,56,Germany,2023-03-14,930.43,False
U1073,User_73,32,Australia,2023-03-15,354.61,True
U1074,User_74,21,Australia,2023-03-16,504.3,True
U1075,User_75,52,USA,2023-03-17,481.1,False
U1076,User_76,19,Australia,2023-03-18,957.1,True
U1077,User_77,33,India,2023-03-19,843.0,True
U1078,User_78,24,USA,2023-03-20,125.74,False
U1079,User_79,46,UK,2023-03-21,530.72,False
U1080,User_80,27,USA,2023-03-22,491.43,True
U1081,User_81,25,Germany,2023-03-23,289.85,True
U1082,User_82,27,USA,2023-03-24,935.48,True
U1083,User_83,19,India,2023-03-25,427.33,True
U1084,User_84,30,India,2023-03-26,245.79,True
U1085,User_85,35,USA,2023-03-27,215.15,False
U1086,User_86,37,USA,2023-03-28,561.31,True
U1087,User_87,55,UK,2023-03-29,239.94,True
U1088,User_88,26,UK,2023-03-30,608.61,True
U1089,User_89,59,Germany,2023-03-31,897.62,True
U1090,User_90,49,USA,2023-04-01,100.25,False
U1091,User_91,31,India,2023-04-02,240.8,True
U1092,User_92,26,Australia,2023-04-03,509.12,True
U1093,User_93,31,Australia,2023-04-04,672.81,False
U1094,User_94,37,UK,2023-04-05,342.9,True
U1095,User_95,46,Germany,2023-04-06,766.81,True
U1096,User_96,44,UK,2023-04-07,502.78,False
U1097,User_97,47,India,2023-04-08,661.35,False
U1098,User_98,31,India,2023-04-09,841.6,False
U1099,User_99,28,India,2023-04-10,711.66,True
U1100,User_100,46,Germany,2023-04-11,893.55,False
U1101,User_101,30,USA,2023-04-12,523.19,False
U1102,User_102,46,Germany,2023-04-13,590.32,True
U1103,User_103,19,Australia,2023-04-14,559.67,False
U1104,User_104,36,UK,2023-04-15,623.6,False
U1105,User_105,25,USA,2023-04-16,206.26,False
U1106,User_106,44,USA,2023-04-17,419.68,False
U1107,User_107,39,UK,2023-04-18,162.02,False
U1108,User_108,56,USA,2023-04-19,411.74,False
U1109,User_109,47,UK,2023-04-20,446.54,False
U1110,User_110,58,Australia,2023-04-21,112.5,True
U1111,User_111,21,USA,2023-04-22,775.69,True
U1112,User_112,51,UK,2023-04-23,853.41,False
U1113,User_113,53,Australia,2023-04-24,318.34,False
U1114,User_114,52,Germany,2023-04-25,753.37,True
U1115,User_115,24,Germany,2023-04-26,631.92,False
U1116,User_116,53,Germany,2023-04-27,738.82,True
U1117,User_117,29,USA,2023-04-28,166.11,True
U1118,User_118,29,USA,2023-04-29,239.75,False
U1119,User_119,26,Australia,2023-04-30,231.8,False
U1120,User_120,43,India,2023-05-01,581.82,False
U1121,User_121,33,UK,2023-05-02,782.28,True
U1122,User_122,27,UK,2023-05-03,896.42,True
U1123,User_123,56,Australia,2023-05-04,899.91,True
U1124,User_124,58,UK,2023-05-05,987.01,True
U1125,User_125,37,Germany,2023-05-06,726.12,True
U1126,User_126,24,India,2023-05-07,526.89,True
U1127,User_127,35,India,2023-05-08,454.69,True
U1128,User_128,25,UK,2023-05-09,380.78,True
U1129,User_129,49,India,2023-05-10,786.53,False
U1130,User_130,25,USA,2023-05-11,401.41,False
U1131,User_131,30,UK,2023-05-12,262.4,False
U1132,User_132,56,Germany,2023-05-13,402.33,False
U1133,User_133,19,India,2023-05-14,241.07,False
U1134,User_134,46,Australia,2023-05-15,720.35,True
U1135,User_135,24,USA,2023-05-16,461.62,True
U1136,User_136,28,Germany,2023-05-17,828.21,True
U1137,User_137,59,USA,2023-05-18,578.81,False
U1138,User_138,26,Australia,2023-05-19,463.12,False
U1139,User_139,29,Australia,2023-05-20,378.37,False
U1140,User_140,51,USA,2023-05-21,680.12,True
U1141,User_141,39,India,2023-05-22,106.33,True
U1142,User_142,20,Germany,2023-05-23,748.23,True
U1143,User_143,43,USA,2023-05-24,811.67,False
U1144,User_144,21,Germany,2023-05-25,945.34,False
U1145,User_145,48,USA,2023-05-26,472.99,False
U1146,User_146,39,Australia,2023-05-27,693.71,False
U1147,User_147,33,Germany,2023-05-28,437.81,False
U1148,User_148,35,India,2023-05-29,144.36,False
U1149,User_149,47,USA,2023-05-30,830.89,True
U1150,User_150,57,Germany,2023-05-31,184.99,True
U1151,User_151,18,Germany,2023-06-01,711.06,False
U1152,User_152,29,USA,2023-06-02,465.68,True
U1153,User_153,54,Australia,2023-06-03,521.2,False
U1154,User_154,23,Germany,2023-06-04,547.28,False
U1155,User_155,59,Germany,2023-06-05,603.49,False
U1156,User_156,58,India,2023-06-06,795.84,False
U1157,User_157,31,Australia,2023-06-07,532.14,False
U1158,User_158,22,USA,2023-06-08,782.59,False
U1159,User_159,51,UK,2023-06-09,460.69,True
U1160,User_160,57,India,2023-06-10,199.06,True
U1161,User_161,33,UK,2023-06-11,944.14,True
U1162,User_162,20,India,2023-06-12,351.73,False
U1163,User_163,40,USA,2023-06-13,462.37,False
U1164,User_164,41,Australia,2023-06-14,429.57,True
U1165,User_165,53,USA,2023-06-15,820.81,False
U1166,User_166,54,India,2023-06-16,391.67,False
U1167,User_167,36,India,2023-06-17,300.64,True
U1168,User_168,50,Germany,2023-06-18,247.9,False
U1169,User_169,28,Germany,2023-06-19,235.0,True
U1170,User_170,29,UK,2023-06-20,538.34,True
U1171,User_171,39,India,2023-06-21,313.8,False
U1172,User_172,28,UK,2023-06-22,917.0,False
U1173,User_173,20,UK,2023-06-23,130.63,True
U1174,User_174,18,Germany,2023-06-24,651.13,False
U1175,User_175,30,USA,2023-06-25,674.38,True
U1176,User_176,18,USA,2023-06-26,876.31,True
U1177,User_177,50,India,2023-06-27,217.56,False
U1178,User_178,20,India,2023-06-28,768.3,False
U1179,User_179,47,India,2023-06-29,819.94,False
U1180,User_180,48,UK,2023-06-30,686.19,False
U1181,User_181,41,Australia,2023-07-01,827.6,False
U1182,User_182,47,UK,2023-07-02,975.73,False
U1183,User_183,48,USA,2023-07-03,673.05,True
U1184,User_184,57,USA,2023-07-04,445.81,False
U1185,User_185,24,UK,2023-07-05,360.03,False
U1186,User_186,42,Australia,2023-07-06,915.52,False
U1187,User_187,46,USA,2023-07-07,476.84,False
U1188,User_188,18,USA,2023-07-08,271.35,False
U1189,User_189,35,Australia,2023-07-09,850.98,True
U1190,User_190,54,India,2023-07-10,434.65,True
U1191,User_191,25,Australia,2023-07-11,678.31,False
U1192,User_192,26,India,2023-07-12,790.66,True
U1193,User_193,18,UK,2023-07-13,684.08,False
U1194,User_194,33,India,2023-07-14,596.27,False
U1195,User_195,19,India,2023-07-15,881.25,True
U1196,User_196,50,UK,2023-07-16,702.02,True
U1197,User_197,53,Australia,2023-07-17,788.04,False
U1198,User_198,21,USA,2023-07-18,440.74,False
U1199,User_199,18,UK,2023-07-19,876.57,False
U1200,User_200,45,India,2023-07-20,318.67,False
U1201,User_201,38,UK,2023-07-21,915.42,False
U1202,User_202,27,USA,2023-07-22,608.96,True
U1203,User_203,56,Germany,2023-07-23,529.52,True
U1204,User_204,52,USA,2023-07-24,794.31,False
U1205,User_205,18,Australia,2023-07-25,388.16,True
U1206,User_206,33,USA,2023-07-26,620.22,False
U1207,User_207,55,UK,2023-07-27,627.27,False
U1208,User_208,51,Australia,2023-07-28,636.02,False
U1209,User_209,39,UK,2023-07-29,664.37,True
U1210,User_210,21,Germany,2023-07-30,113.44,True
U1211,User_211,21,UK,2023-07-31,948.15,True
U1212,User_212,45,USA,2023-08-01,736.82,False
U1213,User_213,44,UK,2023-08-02,112.44,True
U1214,User_214,23,UK,2023-08-03,919.85,False
U1215,User_215,28,UK,2023-08-04,975.32,False
U1216,User_216,34,Germany,2023-08-05,774.16,False
U1217,User_217,41,UK,2023-08-06,874.88,True
U1218,User_218,37,Germany,2023-08-07,230.56,True
U1219,User_219,20,India,2023-08-08,308.64,True
U1220,User_220,35,UK,2023-08-09,291.98,True
U1221,User_221,53,USA,2023-08-10,640.71,False
U1222,User_222,34,India,2023-08-11,929.36,True
U1223,User_223,43,Australia,2023-08-12,853.43,True
U1224,User_224,34,Australia,2023-08-13,361.16,False
U1225,User_225,49,UK,2023-08-14,411.29,True
U1226,User_226,48,UK,2023-08-15,651.83,False
U1227,User_227,22,USA,2023-08-16,976.64,True
U1228,User_228,50,USA,2023-08-17,741.78,True
U1229,User_229,44,Australia,2023-08-18,865.91,False
U1230,User_230,38,USA,2023-08-19,416.99,True
U1231,User_231,33,Australia,2023-08-20,307.04,False
U1232,User_232,40,UK,2023-08-21,560.47,True
U1233,User_233,52,Germany,2023-08-22,745.51,False
U1234,User_234,57,Australia,2023-08-23,182.78,True
U1235,User_235,47,USA,2023-08-24,338.44,True
U1236,User_236,45,Germany,2023-08-25,387.4,True
U1237,User_237,35,Germany,2023-08-26,501.18,False
U1238,User_238,52,India,2023-08-27,124.45,False
U1239,User_239,33,Germany,2023-08-28,289.23,True
U1240,User_240,23,Australia,2023-08-29,327.09,False
U1241,User_241,21,Australia,2023-08-30,155.12,True
U1242,User_242,38,Australia,2023-08-31,107.39,False
U1243,User_243,40,UK,2023-09-01,305.55,False
U1244,User_244,38,UK,2023-09-02,648.76,True
U1245,User_245,29,USA,2023-09-03,252.28,False
U1246,User_246,46,India,2023-09-04,217.51,False
U1247,User_247,43,USA,2023-09-05,916.23,True
U1248,User_248,21,Germany,2023-09-06,386.76,True
U1249,User_249,38,Australia,2023-09-07,826.18,False
U1250,User_250,38,Germany,2023-09-08,390.4,False
U1251,User_251,36,India,2023-09-09,778.73,False
U1252,User_252,29,Australia,2023-09-10,445.32,True
U1253,User_253,20,Australia,2023-09-11,457.11,False
U1254,User_254,49,UK,2023-09-12,515.28,False
U1255,User_255,44,Australia,2023-09-13,533.77,True
U1256,User_256,54,Germany,2023-09-14,774.71,True
U1257,User_257,21,Australia,2023-09-15,750.05,False
U1258,User_258,25,Australia,2023-09-16,228.83,True
U1259,User_259,54,UK,2023-09-17,290.14,False
U1260,User_260,59,India,2023-09-18,488.97,True
U1261,User_261,49,Germany,2023-09-19,351.87,False
U1262,User_262,50,UK,2023-09-20,421.99,False
U1263,User_263,19,USA,2023-09-21,670.23,False
U1264,User_264,45,India,2023-09-22,175.22,True
U1265,User_265,24,India,2023-09-23,833.06,True
U1266,User_266,22,UK,2023-09-24,637.87,False
U1267,User_267,57,Germany,2023-09-25,793.63,True
U1268,User_268,20,Germany,2023-09-26,202.19,False
U1269,User_269,21,USA,2023-09-27,141.12,False
U1270,User_270,23,Germany,2023-09-28,730.07,True
U1271,User_271,22,UK,2023-09-29,195.26,True
U1272,User_272,38,UK,2023-09-30,917.42,True
U1273,User_273,21,Australia,2023-10-01,730.74,True
U1274,User_274,45,UK,2023-10-02,291.36,True
U1275,User_275,54,Australia,2023-10-03,590.01,False
U1276,User_276,40,USA,2023-10-04,982.49,False
U1277,User_277,46,UK,2023-10-05,804.23,True
U1278,User_278,47,UK,2023-10-06,260.37,False
U1279,User_279,18,UK,2023-10-07,161.19,False
U1280,User_280,26,USA,2023-10-08,750.76,True
U1281,User_281,44,Germany,2023-10-09,257.07,False
U1282,User_282,33,Australia,2023-10-10,417.3,True
U1283,User_283,50,Australia,2023-10-11,498.78,False
U1284,User_284,24,UK,2023-10-12,180.32,False
U1285,User_285,52,Germany,2023-10-13,189.02,True
U1286,User_286,22,Australia,2023-10-14,210.0,True
U1287,User_287,54,Australia,2023-10-15,888.24,True
U1288,User_288,26,USA,2023-10-16,490.5,True
U1289,User_289,37,Australia,2023-10-17,955.82,True
U1290,User_290,57,UK,2023-10-18,363.37,True
U1291,User_291,42,India,2023-10-19,806.67,True
U1292,User_292,42,Australia,2023-10-20,666.87,False
U1293,User_293,18,UK,2023-10-21,866.37,True
U1294,User_294,44,Australia,2023-10-22,137.6,False
U1295,User_295,32,Australia,2023-10-23,759.01,True
U1296,User_296,42,USA,2023-10-24,355.72,True
U1297,User_297,50,UK,2023-10-25,101.96,False
U1298,User_298,30,India,2023-10-26,243.16,False
U1299,User_299,26,Australia,2023-10-27,838.31,True
U1300,User_300,27,USA,2023-10-28,210.31,False
U1301,User_301,58,India,2023-10-29,234.88,True
U1302,User_302,21,USA,2023-10-30,647.12,False
U1303,User_303,53,India,2023-10-31,942.6,False
U1304,User_304,58,Australia,2023-11-01,992.93,False
U1305,User_305,24,India,2023-11-02,277.23,True
U1306,User_306,30,UK,2023-11-03,717.32,True
U1307,User_307,39,UK,2023-11-04,776.67,False
U1308,User_308,36,India,2023-11-05,490.19,True
U1309,User_309,34,UK,2023-11-06,191.26,False
U1310,User_310,26,UK,2023-11-07,390.21,True
U1311,User_311,42,USA,2023-11-08,472.83,False
U1312,User_312,25,Australia,2023-11-09,369.07,True
U1313,User_313,57,UK,2023-11-10,430.53,False
U1314,User_314,51,Germany,2023-11-11,283.22,False
U1315,User_315,31,Australia,2023-11-12,389.41,True
U1316,User_316,21,USA,2023-11-13,355.96,True
U1317,User_317,52,USA,2023-11-14,432.66,False
U1318,User_318,26,Germany,2023-11-15,734.18,False
U1319,User_319,28,India,2023-11-16,185.84,False
U1320,User_320,49,USA,2023-11-17,541.53,True
U1321,User_321,53,India,2023-11-18,231.08,False
U1322,User_322,47,Australia,2023-11-19,933.89,True
U1323,User_323,59,India,2023-11-20,164.59,True
U1324,User_324,44,Germany,2023-11-21,752.71,True
U1325,User_325,23,Australia,2023-11-22,292.35,True
U1326,User_326,52,USA,2023-11-23,815.61,True
U1327,User_327,29,USA,2023-11-24,434.79,False
U1328,User_328,29,Germany,2023-11-25,695.74,True
U1329,User_329,24,Germany,2023-11-26,473.0,False
U1330,User_330,37,UK,2023-11-27,244.12,True
U1331,User_331,26,India,2023-11-28,277.6,False
U1332,User_332,26,Australia,2023-11-29,451.83,False
U1333,User_333,45,Australia,2023-11-30,820.43,True
U1334,User_334,33,Australia,2023-12-01,257.55,True
U1335,User_335,42,Germany,2023-12-02,255.23,True
U1336,User_336,31,India,2023-12-03,818.41,False
U1337,User_337,44,Australia,2023-12-04,266.64,False
U1338,User_338,33,UK,2023-12-05,541.03,False
U1339,User_339,55,India,2023-12-06,364.22,True
U1340,User_340,19,India,2023-12-07,375.21,False
U1341,User_341,44,Australia,2023-12-08,847.4,True
U1342,User_342,57,Germany,2023-12-09,484.11,False
U1343,User_343,24,USA,2023-12-10,385.98,False
U1344,User_344,31,USA,2023-12-11,976.63,False
U1345,User_345,53,Germany,2023-12-12,556.28,True
U1346,User_346,20,USA,2023-12-13,607.98,False
U1347,User_347,34,UK,2023-12-14,174.36,False
U1348,User_348,51,USA,2023-12-15,622.51,False
U1349,User_349,40,Australia,2023-12-16,625.83,False
U1350,User_350,24,Germany,2023-12-17,747.35,True
U1351,User_351,28,India,2023-12-18,838.28,True
U1352,User_352,42,India,2023-12-19,671.55,False
U1353,User_353,28,UK,2023-12-20,783.2,False
U1354,User_354,59,India,2023-12-21,641.16,True
U1355,User_355,23,USA,2023-12-22,404.0,True
U1356,User_356,42,Australia,2023-12-23,477.78,True
U1357,User_357,29,India,2023-12-24,748.09,True
U1358,User_358,40,USA,2023-12-25,247.51,True
U1359,User_359,53,UK,2023-12-26,307.69,False
U1360,User_360,54,Germany,2023-12-27,988.78,True
U1361,User_361,20,India,2023-12-28,757.32,True
U1362,User_362,53,Germany,2023-12-29,915.72,True
U1363,User_363,34,Germany,2023-12-30,398.36,False
U1364,User_364,59,Germany,2023-12-31,321.63,True
U1365,User_365,53,Germany,2024-01-01,282.07,False
U1366,User_366,28,UK,2024-01-02,660.78,True
U1367,User_367,47,India,2024-01-03,542.76,True
U1368,User_368,53,USA,2024-01-04,337.02,True
U1369,User_369,53,Australia,2024-01-05,174.36,False
U1370,User_370,42,Germany,2024-01-06,259.17,True
U1371,User_371,35,USA,2024-01-07,923.24,False
U1372,User_372,27,Australia,2024-01-08,607.28,True
U1373,User_373,29,India,2024-01-09,259.61,False
U1374,User_374,49,Germany,2024-01-10,364.13,False
U1375,User_375,22,India,2024-01-11,473.34,False
U1376,User_376,25,USA,2024-01-12,659.9,False
U1377,User_377,44,USA,2024-01-13,913.86,False
U1378,User_378,23,Australia,2024-01-14,230.87,False
U1379,User_379,50,Germany,2024-01-15,535.37,False
U1380,User_380,21,USA,2024-01-16,915.98,True
U1381,User_381,55,UK,2024-01-17,987.58,False
U1382,User_382,27,UK,2024-01-18,593.5,False
U1383,User_383,35,Germany,2024-01-19,117.33,True
U1384,User_384,34,Germany,2024-01-20,197.05,True
U1385,User_385,22,USA,2024-01-21,229.9,True
U1386,User_386,33,Germany,2024-01-22,400.61,True
U1387,User_387,56,Germany,2024-01-23,595.16,True
U1388,User_388,47,Germany,2024-01-24,571.8,True
U1389,User_389,39,USA,2024-01-25,106.73,True
U1390,User_390,39,India,2024-01-26,511.73,True
U1391,User_391,37,Germany,2024-01-27,580.43,True
U1392,User_392,27,Germany,2024-01-28,236.49,False
U1393,User_393,28,India,2024-01-29,237.43,True
U1394,User_394,52,Australia,2024-01-30,103.48,False
U1395,User_395,23,India,2024-01-31,142.9,False
U1396,User_396,40,Australia,2024-02-01,754.08,True
U1397,User_397,25,UK,2024-02-02,237.48,True
U1398,User_398,49,Germany,2024-02-03,312.87,True
U1399,User_399,42,Germany,2024-02-04,493.15,False
U1400,User_400,29,UK,2024-02-05,595.65,False
U1401,User_401,19,USA,2024-02-06,723.09,True
U1402,User_402,30,India,2024-02-07,593.11,False
U1403,User_403,34,USA,2024-02-08,997.73,False
U1404,User_404,19,Australia,2024-02-09,194.6,True
U1405,User_405,24,Australia,2024-02-10,974.54,False
U1406,User_406,23,UK,2024-02-11,301.86,True
U1407,User_407,50,USA,2024-02-12,729.05,False
U1408,User_408,50,USA,2024-02-13,631.58,False
U1409,User_409,46,Australia,2024-02-14,369.44,True
U1410,User_410,31,Australia,2024-02-15,333.57,True
U1411,User_411,34,Australia,2024-02-16,470.38,False
U1412,User_412,31,UK,2024-02-17,128.48,False
U1413,User_413,23,Germany,2024-02-18,155.67,False
U1414,User_414,47,USA,2024-02-19,295.4,True
U1415,User_415,18,India,2024-02-20,969.73,False
U1416,User_416,45,UK,2024-02-21,596.67,True
U1417,User_417,28,UK,2024-02-22,293.56,False
U1418,User_418,45,Australia,2024-02-23,961.81,True
U1419,User_419,36,USA,2024-02-24,726.57,False
U1420,User_420,24,UK,2024-02-25,700.96,True
U1421,User_421,54,USA,2024-02-26,996.87,False
U1422,User_422,27,Australia,2024-02-27,236.94,False
U1423,User_423,38,UK,2024-02-28,287.69,True
U1424,User_424,58,India,2024-02-29,978.86,True
U1425,User_425,37,USA,2024-03-01,679.35,False
U1426,User_426,40,Australia,2024-03-02,835.15,True
U1427,User_427,58,Australia,2024-03-03,189.49,True
U1428,User_428,39,Australia,2024-03-04,734.96,False
U1429,User_429,19,Germany,2024-03-05,995.86,False
U1430,User_430,27,Germany,2024-03-06,865.97,False
U1431,User_431,43,USA,2024-03-07,456.12,True
U1432,User_432,29,Germany,2024-03-08,279.02,False
U1433,User_433,39,Australia,2024-03-09,491.68,True
U1434,User_434,34,Germany,2024-03-10,812.32,False
U1435,User_435,54,UK,2024-03-11,653.18,False
U1436,User_436,26,UK,2024-03-12,604.99,False
U1437,User_437,19,Germany,2024-03-13,627.05,True
U1438,User_438,21,UK,2024-03-14,710.41,False
U1439,User_439,27,Australia,2024-03-15,953.57,False
U1440,User_440,47,Germany,2024-03-16,874.73,True
U1441,User_441,42,Australia,2024-03-17,491.13,True
U1442,User_442,36,Australia,2024-03-18,914.58,True
U1443,User_443,28,USA,2024-03-19,786.79,True
U1444,User_444,54,Germany,2024-03-20,906.66,True
U1445,User_445,38,India,2024-03-21,397.21,True
U1446,User_446,23,Australia,2024-03-22,795.11,False
U1447,User_447,26,Germany,2024-03-23,118.29,False
U1448,User_448,39,UK,2024-03-24,643.52,False
U1449,User_449,59,Australia,2024-03-25,596.0,True
U1450,User_450,30,Australia,2024-03-26,642.96,False
U1451,User_451,26,Australia,2024-03-27,853.84,True
U1452,User_452,47,UK,2024-03-28,681.84,True
U1453,User_453,52,USA,2024-03-29,915.1,True
U1454,User_454,19,India,2024-03-30,935.62,True
U1455,User_455,41,India,2024-03-31,326.55,True
U1456,User_456,58,USA,2024-04-01,987.04,True
U1457,User_457,36,India,2024-04-02,744.36,True
U1458,User_458,48,Germany,2024-04-03,203.57,True
U1459,User_459,30,Germany,2024-04-04,631.74,False
U1460,User_460,54,Germany,2024-04-05,862.1,False
U1461,User_461,20,USA,2024-04-06,497.83,True
U1462,User_462,29,USA,2024-04-07,482.06,False
U1463,User_463,23,India,2024-04-08,559.45,True
U1464,User_464,56,UK,2024-04-09,441.73,False
U1465,User_465,54,USA,2024-04-10,446.75,True
U1466,User_466,52,UK,2024-04-11,179.84,True
U1467,User_467,54,USA,2024-04-12,115.01,False
U1468,User_468,40,Australia,2024-04-13,683.73,False
U1469,User_469,26,Australia,2024-04-14,228.97,True
U1470,User_470,35,India,2024-04-15,109.8,False
U1471,User_471,38,Germany,2024-04-16,226.35,True
U1472,User_472,38,Australia,2024-04-17,448.28,True
U1473,User_473,35,UK,2024-04-18,155.22,False
U1474,User_474,33,UK,2024-04-19,867.74,False
U1475,User_475,20,USA,2024-04-20,194.75,False
U1476,User_476,27,Australia,2024-04-21,178.08,True
U1477,User_477,23,USA,2024-04-22,598.57,True
U1478,User_478,57,India,2024-04-23,508.75,True
U1479,User_479,23,Australia,2024-04-24,938.95,True
U1480,User_480,24,India,2024-04-25,948.84,False
U1481,User_481,23,India,2024-04-26,391.72,True
U1482,User_482,55,USA,2024-04-27,385.55,True
U1483,User_483,55,Germany,2024-04-28,340.62,True
U1484,User_484,26,India,2024-04-29,486.79,True
U1485,User_485,21,UK,2024-04-30,155.54,True
U1486,User_486,35,India,2024-05-01,677.58,True
U1487,User_487,24,UK,2024-05-02,949.59,True
U1488,User_488,20,USA,2024-05-03,133.03,True
U1489,User_489,43,USA,2024-05-04,849.73,True
U1490,User_490,34,Germany,2024-05-05,916.87,False
U1491,User_491,51,India,2024-05-06,518.21,False
U1492,User_492,56,Australia,2024-05-07,286.77,False
U1493,User_493,46,Australia,2024-05-08,416.47,True
U1494,User_494,55,Germany,2024-05-09,499.63,False
U1495,User_495,39,USA,2024-05-10,950.32,False
U1496,User_496,41,UK,2024-05-11,239.55,True
U1497,User_497,55,UK,2024-05-12,379.66,True
U1498,User_498,27,Germany,2024-05-13,211.06,True
U1499,User_499,43,UK,2024-05-14,138.85,True
U1500,User_500,52,Germany,2024-05-15,407.36,True
U1501,User_501,18,India,2024-05-16,288.8,False
U1502,User_502,31,USA,2024-05-17,725.55,True
U1503,User_503,36,India,2024-05-18,286.22,True
U1504,User_504,44,Australia,2024-05-19,937.28,False
U1505,User_505,45,Australia,2024-05-20,592.15,False
U1506,User_506,48,Germany,2024-05-21,872.78,False
U1507,User_507,18,USA,2024-05-22,637.94,True
U1508,User_508,59,India,2024-05-23,882.59,True
U1509,User_509,39,India,2024-05-24,929.26,False
U1510,User_510,20,USA,2024-05-25,763.13,True
U1511,User_511,52,India,2024-05-26,213.85,False
U1512,User_512,49,Germany,2024-05-27,147.41,False
U1513,User_513,47,UK,2024-05-28,838.7,True
U1514,User_514,22,Australia,2024-05-29,159.12,True
U1515,User_515,52,Australia,2024-05-30,764.8,False
U1516,User_516,39,Australia,2024-05-31,408.5,True
U1517,User_517,29,Germany,2024-06-01,940.9,True
U1518,User_518,40,USA,2024-06-02,743.26,True
U1519,User_519,31,USA,2024-06-03,628.83,True
U1520,User_520,24,Germany,2024-06-04,625.68,False
U1521,User_521,22,UK,2024-06-05,464.3,False
U1522,User_522,56,Germany,2024-06-06,540.64,False
U1523,User_523,18,UK,2024-06-07,289.04,True
U1524,User_524,32,USA,2024-06-08,759.6,True
U1525,User_525,19,USA,2024-06-09,770.7,True
U1526,User_526,21,Germany,2024-06-10,102.97,False
U1527,User_527,54,Germany,2024-06-11,645.45,False
U1528,User_528,38,UK,2024-06-12,934.65,True
U1529,User_529,35,Germany,2024-06-13,633.33,False
U1530,User_530,36,Australia,2024-06-14,593.13,False
U1531,User_531,21,Germany,2024-06-15,423.66,True
U1532,User_532,48,Australia,2024-06-16,388.91,True
U1533,User_533,50,India,2024-06-17,968.91,False
U1534,User_534,38,Australia,2024-06-18,815.07,True
U1535,User_535,57,USA,2024-06-19,332.82,False
U1536,User_536,50,UK,2024-06-20,256.84,False
U1537,User_537,28,India,2024-06-21,857.98,True
U1538,User_538,31,USA,2024-06-22,673.44,False
U1539,User_539,50,Germany,2024-06-23,462.08,True
U1540,User_540,26,USA,2024-06-24,844.05,False
U1541,User_541,43,UK,2024-06-25,907.4,True
U1542,User_542,55,USA,2024-06-26,310.27,False
U1543,User_543,55,Germany,2024-06-27,610.76,True
U1544,User_544,50,USA,2024-06-28,240.64,True
U1545,User_545,46,Australia,2024-06-29,268.36,True
U1546,User_546,56,Australia,2024-06-30,346.86,True
U1547,User_547,40,India,2024-07-01,662.77,False
U1548,User_548,47,Australia,2024-07-02,346.71,False
U1549,User_549,35,UK,2024-07-03,715.15,False
U1550,User_550,47,USA,2024-07-04,987.01,False
U1551,User_551,40,India,2024-07-05,622.0,False
U1552,User_552,44,UK,2024-07-06,345.93,True
U1553,User_553,41,Germany,2024-07-07,729.13,True
U1554,User_554,36,USA,2024-07-08,525.51,True
U1555,User_555,34,UK,2024-07-09,409.77,False
U1556,User_556,41,USA,2024-07-10,942.84,False
U1557,User_557,30,USA,2024-07-11,787.02,False
U1558,User_558,28,Australia,2024-07-12,241.59,False
U1559,User_559,34,UK,2024-07-13,638.05,True
U1560,User_560,33,USA,2024-07-14,676.85,True
U1561,User_561,22,India,2024-07-15,256.27,True
U1562,User_562,50,UK,2024-07-16,900.25,True
U1563,User_563,26,Australia,2024-07-17,469.35,False
U1564,User_564,58,USA,2024-07-18,245.82,True
U1565,User_565,22,USA,2024-07-19,306.51,False
U1566,User_566,30,Australia,2024-07-20,367.53,True
U1567,User_567,28,UK,2024-07-21,743.04,False
U1568,User_568,58,India,2024-07-22,789.2,False
U1569,User_569,20,Germany,2024-07-23,681.69,False
U1570,User_570,47,Australia,2024-07-24,197.33,False
U1571,User_571,51,India,2024-07-25,324.05,False
U1572,User_572,33,Germany,2024-07-26,388.84,False
U1573,User_573,21,USA,2024-07-27,935.97,True
U1574,User_574,50,Australia,2024-07-28,246.06,False
U1575,User_575,41,USA,2024-07-29,195.94,False
U1576,User_576,35,India,2024-07-30,573.55,False
U1577,User_577,34,UK,2024-07-31,379.57,False
U1578,User_578,34,UK,2024-08-01,564.37,True
U1579,User_579,40,India,2024-08-02,783.33,True
U1580,User_580,32,USA,2024-08-03,627.41,False
U1581,User_581,24,Germany,2024-08-04,862.12,False
U1582,User_582,30,Australia,2024-08-05,897.85,True
U1583,User_583,37,UK,2024-08-06,839.0,False
U1584,User_584,19,UK,2024-08-07,557.31,False
U1585,User_585,25,Germany,2024-08-08,890.43,False
U1586,User_586,48,India,2024-08-09,273.3,False
U1587,User_587,19,UK,2024-08-10,959.3,False
U1588,User_588,38,Germany,2024-08-11,297.74,True
U1589,User_589,56,India,2024-08-12,370.24,False
U1590,User_590,45,UK,2024-08-13,407.89,True
U1591,User_591,32,UK,2024-08-14,852.45,False
U1592,User_592,58,Australia,2024-08-15,700.77,True
U1593,User_593,57,Germany,2024-08-16,906.76,True
U1594,User_594,42,Germany,2024-08-17,169.36,True
U1595,User_595,20,USA,2024-08-18,857.14,False
U1596,User_596,50,UK,2024-08-19,853.37,False
U1597,User_597,18,Australia,2024-08-20,119.8,False
U1598,User_598,34,USA,2024-08-21,782.79,False
U1599,User_599,58,UK,2024-08-22,712.72,False
U1600,User_600,40,Australia,2024-08-23,556.1,False
U1601,User_601,26,UK,2024-08-24,799.38,False
U1602,User_602,26,India,2024-08-25,139.82,False
U1603,User_603,35,USA,2024-08-26,507.69,True
U1604,User_604,46,Australia,2024-08-27,353.82,True
U1605,User_605,41,UK,2024-08-28,324.79,False
U1606,User_606,32,Australia,2024-08-29,386.93,False
U1607,User_607,35,USA,2024-08-30,573.33,False
U1608,User_608,21,UK,2024-08-31,178.83,True
U1609,User_609,21,India,2024-09-01,246.5,True
U1610,User_610,36,Australia,2024-09-02,113.94,False
U1611,User_611,36,Australia,2024-09-03,664.6,False
U1612,User_612,43,USA,2024-09-04,920.72,False
U1613,User_613,22,UK,2024-09-05,344.8,True
U1614,User_614,56,Germany,2024-09-06,219.77,False
U1615,User_615,33,USA,2024-09-07,630.84,False
U1616,User_616,32,USA,2024-09-08,602.85,True
U1617,User_617,51,UK,2024-09-09,237.73,True
U1618,User_618,55,Germany,2024-09-10,536.08,False
U1619,User_619,32,USA,2024-09-11,118.86,True
U1620,User_620,36,USA,2024-09-12,228.0,False
U1621,User_621,44,UK,2024-09-13,421.55,True
U1622,User_622,31,Germany,2024-09-14,759.09,True
U1623,User_623,34,UK,2024-09-15,620.33,True
U1624,User_624,58,USA,2024-09-16,123.73,True
U1625,User_625,19,India,2024-09-17,682.28,False
U1626,User_626,25,India,2024-09-18,188.25,False
U1627,User_627,58,India,2024-09-19,741.26,False
U1628,User_628,49,UK,2024-09-20,597.76,False
U1629,User_629,56,USA,2024-09-21,368.7,True
U1630,User_630,59,Germany,2024-09-22,977.21,True
U1631,User_631,32,USA,2024-09-23,678.27,False
U1632,User_632,53,Germany,2024-09-24,835.02,False
U1633,User_633,48,Germany,2024-09-25,992.53,False
U1634,User_634,34,India,2024-09-26,852.32,True
U1635,User_635,20,Australia,2024-09-27,825.93,True
U1636,User_636,35,UK,2024-09-28,483.88,True
U1637,User_637,55,Australia,2024-09-29,463.66,False
U1638,User_638,49,UK,2024-09-30,413.59,True
U1639,User_639,30,UK,2024-10-01,578.3,False
U1640,User_640,25,USA,2024-10-02,178.41,False
U1641,User_641,51,UK,2024-10-03,899.49,True
U1642,User_642,47,USA,2024-10-04,157.17,False
U1643,User_643,46,UK,2024-10-05,884.65,True
U1644,User_644,51,USA,2024-10-06,539.14,False
U1645,User_645,30,UK,2024-10-07,333.11,True
U1646,User_646,56,Germany,2024-10-08,373.09,True
U1647,User_647,49,Germany,2024-10-09,934.71,True
U1648,User_648,36,USA,2024-10-10,100.98,True
U1649,User_649,55,UK,2024-10-11,904.73,False
U1650,User_650,20,India,2024-10-12,435.87,False
U1651,User_651,32,India,2024-10-13,365.9,True
U1652,User_652,36,Australia,2024-10-14,223.71,False
U1653,User_653,57,Australia,2024-10-15,955.3,True
U1654,User_654,37,UK,2024-10-16,912.37,False
U1655,User_655,34,UK,2024-10-17,942.53,True
U1656,User_656,58,Germany,2024-10-18,423.57,False
U1657,User_657,28,India,2024-10-19,780.87,False
U1658,User_658,39,USA,2024-10-20,123.09,True
U1659,User_659,30,Germany,2024-10-21,415.04,False
U1660,User_660,42,India,2024-10-22,533.23,True
U1661,User_661,49,USA,2024-10-23,432.99,False
U1662,User_662,21,India,2024-10-24,986.17,False
U1663,User_663,43,USA,2024-10-25,379.07,True
U1664,User_664,20,UK,2024-10-26,778.82,False
U1665,User_665,47,USA,2024-10-27,902.45,True
U1666,User_666,50,Germany,2024-10-28,372.12,True
U1667,User_667,25,Australia,2024-10-29,498.09,True
U1668,User_668,23,Germany,2024-10-30,522.17,True
U1669,User_669,50,India,2024-10-31,833.28,True
U1670,User_670,47,Germany,2024-11-01,764.36,False
U1671,User_671,37,Germany,2024-11-02,683.3,False
U1672,User_672,33,Australia,2024-11-03,847.57,False
U1673,User_673,34,Australia,2024-11-04,460.31,True
U1674,User_674,41,UK,2024-11-05,201.69,True
U1675,User_675,37,Germany,2024-11-06,171.16,True
U1676,User_676,22,Australia,2024-11-07,190.63,True
U1677,User_677,45,India,2024-11-08,707.84,True
U1678,User_678,41,India,2024-11-09,879.53,False
U1679,User_679,45,USA,2024-11-10,882.07,True
U1680,User_680,52,Australia,2024-11-11,710.67,False
U1681,User_681,19,India,2024-11-12,312.29,False
U1682,User_682,58,USA,2024-11-13,334.34,True
U1683,User_683,53,UK,2024-11-14,559.68,False
U1684,User_684,50,India,2024-11-15,660.6,False
U1685,User_685,23,Australia,2024-11-16,328.29,True
U1686,User_686,22,Australia,2024-11-17,907.09,False
U1687,User_687,54,India,2024-11-18,255.83,True
U1688,User_688,50,India,2024-11-19,625.95,True
U1689,User_689,48,India,2024-11-20,682.59,True
U1690,User_690,26,Germany,2024-11-21,381.95,False
U1691,User_691,47,Germany,2024-11-22,402.29,False
U1692,User_692,38,Germany,2024-11-23,286.87,False
U1693,User_693,36,USA,2024-11-24,594.87,True
U1694,User_694,52,India,2024-11-25,300.36,True
U1695,User_695,24,Australia,2024-11-26,518.69,False
U1696,User_696,55,Germany,2024-11-27,668.39,True
U1697,User_697,54,Germany,2024-11-28,174.49,False
U1698,User_698,39,Germany,2024-11-29,514.92,False
U1699,User_699,31,Australia,2024-11-30,735.97,False
U1700,User_700,58,India,2024-12-01,595.51,True
U1701,User_701,42,Germany,2024-12-02,762.36,True
U1702,User_702,43,Germany,2024-12-03,984.82,True
U1703,User_703,20,UK,2024-12-04,694.84,False
U1704,User_704,29,India,2024-12-05,509.48,False
U1705,User_705,48,USA,2024-12-06,142.75,True
U1706,User_706,36,Australia,2024-12-07,678.65,False
U1707,User_707,24,USA,2024-12-08,418.87,False
U1708,User_708,42,USA,2024-12-09,449.08,False
U1709,User_709,23,India,2024-12-10,645.47,False
U1710,User_710,28,Germany,2024-12-11,582.74,True
U1711,User_711,32,Australia,2024-12-12,489.1,True
U1712,User_712,48,UK,2024-12-13,701.54,False
U1713,User_713,50,UK,2024-12-14,766.04,True
U1714,User_714,20,USA,2024-12-15,715.24,False
U1715,User_715,26,UK,2024-12-16,865.04,True
U1716,User_716,55,Germany,2024-12-17,453.29,False
U1717,User_717,37,India,2024-12-18,222.78,True
U1718,User_718,31,USA,2024-12-19,467.79,False
U1719,User_719,26,Germany,2024-12-20,719.16,False
U1720,User_720,36,Germany,2024-12-21,349.96,False
U1721,User_721,43,India,2024-12-22,485.81,True
U1722,User_722,50,India,2024-12-23,827.12,True
U1723,User_723,54,Germany,2024-12-24,517.12,True
U1724,User_724,40,UK,2024-12-25,504.86,False
U1725,User_725,31,Australia,2024-12-26,316.03,True
U1726,User_726,25,Australia,2024-12-27,909.34,True
U1727,User_727,49,Germany,2024-12-28,541.92,True
U1728,User_728,37,USA,2024-12-29,644.25,True
U1729,User_729,37,Australia,2024-12-30,381.2,False
U1730,User_730,21,Germany,2024-12-31,662.08,True
U1731,User_731,51,India,2025-01-01,918.44,False
U1732,User_732,43,USA,2025-01-02,422.21,True
U1733,User_733,46,UK,2025-01-03,780.49,True
U1734,User_734,57,UK,2025-01-04,452.34,True
U1735,User_735,50,UK,2025-01-05,132.83,False
U1736,User_736,53,Australia,2025-01-06,559.3,False
U1737,User_737,39,India,2025-01-07,450.04,False
U1738,User_738,43,USA,2025-01-08,773.62,False
U1739,User_739,44,India,2025-01-09,715.69,False
U1740,User_740,54,Australia,2025-01-10,350.79,True
U1741,User_741,38,UK,2025-01-11,569.43,True
U1742,User_742,45,Australia,2025-01-12,938.15,False
U1743,User_743,26,India,2025-01-13,670.57,True
U1744,User_744,50,India,2025-01-14,261.96,False
U1745,User_745,55,UK,2025-01-15,298.44,True
U1746,User_746,22,UK,2025-01-16,244.15,True
U1747,User_747,44,India,2025-01-17,596.27,True
U1748,User_748,59,USA,2025-01-18,476.12,False
U1749,User_749,59,Australia,2025-01-19,424.43,False
U1750,User_750,47,India,2025-01-20,732.17,False
U1751,User_751,41,India,2025-01-21,104.07,False
U1752,User_752,48,UK,2025-01-22,237.08,True
U1753,User_753,54,USA,2025-01-23,115.26,True
U1754,User_754,57,Australia,2025-01-24,438.49,True
U1755,User_755,43,UK,2025-01-25,977.81,True
U1756,User_756,57,Germany,2025-01-26,990.7,True
U1757,User_757,31,Germany,2025-01-27,771.77,False
U1758,User_758,50,UK,2025-01-28,153.37,False
U1759,User_759,18,Germany,2025-01-29,597.39,True
U1760,User_760,22,India,2025-01-30,959.19,True
U1761,User_761,29,Germany,2025-01-31,911.44,False
U1762,User_762,29,USA,2025-02-01,393.52,False
U1763,User_763,41,USA,2025-02-02,954.53,False
U1764,User_764,44,India,2025-02-03,284.53,True
U1765,User_765,40,UK,2025-02-04,360.85,False
U1766,User_766,52,India,2025-02-05,118.29,True
U1767,User_767,56,Germany,2025-02-06,653.47,True
U1768,User_768,43,Australia,2025-02-07,471.06,True
U1769,User_769,37,USA,2025-02-08,939.32,False
U1770,User_770,56,Australia,2025-02-09,694.77,False
U1771,User_771,52,USA,2025-02-10,575.73,True
U1772,User_772,52,Germany,2025-02-11,349.43,True
U1773,User_773,21,Germany,2025-02-12,859.25,False
U1774,User_774,32,UK,2025-02-13,911.71,True
U1775,User_775,47,Germany,2025-02-14,224.22,False
U1776,User_776,25,UK,2025-02-15,100.23,False
U1777,User_777,32,India,2025-02-16,330.79,True
U1778,User_778,33,UK,2025-02-17,825.71,False
U1779,User_779,26,Germany,2025-02-18,273.94,False
U1780,User_780,23,UK,2025-02-19,746.09,True
U1781,User_781,25,Germany,2025-02-20,506.93,True
U1782,User_782,23,USA,2025-02-21,297.48,True
U1783,User_783,21,Australia,2025-02-22,818.87,False
U1784,User_784,34,USA,2025-02-23,925.34,True
U1785,User_785,19,India,2025-02-24,670.29,False
U1786,User_786,40,USA,2025-02-25,104.41,True
U1787,User_787,36,India,2025-02-26,668.04,False
U1788,User_788,40,USA,2025-02-27,934.5,True
U1789,User_789,18,India,2025-02-28,229.37,True
U1790,User_790,35,India,2025-03-01,716.97,False
U1791,User_791,34,India,2025-03-02,282.59,False
U1792,User_792,38,USA,2025-03-03,983.02,False
U1793,User_793,21,Germany,2025-03-04,698.26,False
U1794,User_794,20,Germany,2025-03-05,253.98,True
U1795,User_795,37,Germany,2025-03-06,392.5,True
U1796,User_796,32,UK,2025-03-07,341.23,False
U1797,User_797,31,UK,2025-03-08,419.1,False
U1798,User_798,22,India,2025-03-09,341.15,False
U1799,User_799,25,USA,2025-03-10,395.41,False
U1800,User_800,19,Germany,2025-03-11,790.43,False
U1801,User_801,23,USA,2025-03-12,591.67,True
U1802,User_802,27,India,2025-03-13,166.18,False
U1803,User_803,53,Australia,2025-03-14,621.21,True
U1804,User_804,57,Germany,2025-03-15,531.25,False
U1805,User_805,46,USA,2025-03-16,867.58,True
U1806,User_806,37,USA,2025-03-17,570.32,True
U1807,User_807,42,India,2025-03-18,150.1,True
U1808,User_808,38,USA,2025-03-19,616.69,False
U1809,User_809,58,UK,2025-03-20,351.86,False
U1810,User_810,49,USA,2025-03-21,719.74,True
U1811,User_811,43,India,2025-03-22,702.48,False
U1812,User_812,55,UK,2025-03-23,413.8,True
U1813,User_813,55,UK,2025-03-24,440.2,True
U1814,User_814,43,Australia,2025-03-25,932.92,True
U1815,User_815,44,Australia,2025-03-26,894.69,False
U1816,User_816,51,UK,2025-03-27,813.69,True
U1817,User_817,28,Germany,2025-03-28,507.22,False
U1818,User_818,49,India,2025-03-29,612.95,False
U1819,User_819,31,USA,2025-03-30,385.37,True
U1820,User_820,42,USA,2025-03-31,551.99,True
U1821,User_821,28,UK,2025-04-01,646.65,True
U1822,User_822,57,UK,2025-04-02,357.56,False
U1823,User_823,21,India,2025-04-03,344.25,True
U1824,User_824,53,Germany,2025-04-04,336.32,True
U1825,User_825,53,India,2025-04-05,652.46,True
U1826,User_826,32,Germany,2025-04-06,569.95,False
U1827,User_827,38,UK,2025-04-07,907.66,False
U1828,User_828,29,Australia,2025-04-08,116.8,False
U1829,User_829,58,USA,2025-04-09,698.35,True
U1830,User_830,34,Germany,2025-04-10,946.31,True
U1831,User_831,43,Germany,2025-04-11,255.01,False
U1832,User_832,53,UK,2025-04-12,180.31,True
U1833,User_833,24,USA,2025-04-13,134.84,True
U1834,User_834,20,Australia,2025-04-14,760.57,False
U1835,User_835,46,Australia,2025-04-15,300.0,False
U1836,User_836,46,Australia,2025-04-16,149.37,False
U1837,User_837,50,Germany,2025-04-17,725.56,False
U1838,User_838,21,Germany,2025-04-18,524.48,False
U1839,User_839,26,USA,2025-04-19,306.64,False
U1840,User_840,25,Germany,2025-04-20,646.99,False
U1841,User_841,59,Germany,2025-04-21,742.66,False
U1842,User_842,43,UK,2025-04-22,329.92,False
U1843,User_843,46,Australia,2025-04-23,364.8,False
U1844,User_844,28,Germany,2025-04-24,840.13,False
U1845,User_845,41,Australia,2025-04-25,230.97,True
U1846,User_846,57,USA,2025-04-26,600.13,True
U1847,User_847,47,USA,2025-04-27,937.49,False
U1848,User_848,23,Germany,2025-04-28,683.71,True
U1849,User_849,37,UK,2025-04-29,458.65,False
U1850,User_850,24,USA,2025-04-30,768.0,False
U1851,User_851,22,India,2025-05-01,526.36,False
U1852,User_852,20,Germany,2025-05-02,166.06,False
U1853,User_853,29,Australia,2025-05-03,179.19,False
U1854,User_854,39,UK,2025-05-04,104.81,True
U1855,User_855,44,USA,2025-05-05,128.88,False
U1856,User_856,24,Australia,2025-05-06,840.23,False
U1857,User_857,56,India,2025-05-07,528.06,True
U1858,User_858,57,Germany,2025-05-08,661.73,True
U1859,User_859,59,India,2025-05-09,943.03,True
U1860,User_860,45,Germany,2025-05-10,582.71,False
U1861,User_861,51,Australia,2025-05-11,501.94,True
U1862,User_862,26,UK,2025-05-12,218.47,True
U1863,User_863,52,USA,2025-05-13,557.17,True
U1864,User_864,23,Germany,2025-05-14,160.5,False
U1865,User_865,49,India,2025-05-15,670.92,False
U1866,User_866,39,India,2025-05-16,289.12,False
U1867,User_867,32,Australia,2025-05-17,850.31,True
U1868,User_868,20,Australia,2025-05-18,633.9,False
U1869,User_869,18,UK,2025-05-19,644.2,True
U1870,User_870,18,UK,2025-05-20,391.31,True
U1871,User_871,31,USA,2025-05-21,981.3,False
U1872,User_872,51,Australia,2025-05-22,732.53,False
U1873,User_873,44,India,2025-05-23,839.48,False
U1874,User_874,41,UK,2025-05-24,111.35,False
U1875,User_875,19,USA,2025-05-25,879.22,False
U1876,User_876,46,India,2025-05-26,473.67,True
U1877,User_877,36,UK,2025-05-27,740.42,True
U1878,User_878,44,India,2025-05-28,207.23,True
U1879,User_879,59,UK,2025-05-29,354.24,False
U1880,User_880,43,Australia,2025-05-30,201.65,True
U1881,User_881,18,UK,2025-05-31,856.42,False
U1882,User_882,57,Germany,2025-06-01,714.23,True
U1883,User_883,20,India,2025-06-02,295.33,False
U1884,User_884,39,UK,2025-06-03,472.49,True
U1885,User_885,33,UK,2025-06-04,355.05,False
U1886,User_886,25,USA,2025-06-05,863.01,False
U1887,User_887,57,Germany,2025-06-06,493.62,True
U1888,User_888,56,Australia,2025-06-07,163.48,True
U1889,User_889,45,Australia,2025-06-08,459.08,True
U1890,User_890,49,India,2025-06-09,499.9,False
U1891,User_891,27,Germany,2025-06-10,531.19,False
U1892,User_892,23,USA,2025-06-11,404.55,True
U1893,User_893,40,Germany,2025-06-12,527.38,True
U1894,User_894,32,Australia,2025-06-13,414.36,False
U1895,User_895,56,USA,2025-06-14,854.09,True
U1896,User_896,46,Germany,2025-06-15,329.05,False
U1897,User_897,45,Germany,2025-06-16,253.03,True
U1898,User_898,20,India,2025-06-17,689.88,True
U1899,User_899,19,USA,2025-06-18,417.78,False
U1900,User_900,44,India,2025-06-19,117.53,True
U1901,User_901,41,India,2025-06-20,931.67,False
U1902,User_902,56,India,2025-06-21,120.91,True
U1903,User_903,54,UK,2025-06-22,150.05,True
U1904,User_904,21,Australia,2025-06-23,272.47,False
U1905,User_905,29,India,2025-06-24,646.98,True
U1906,User_906,18,India,2025-06-25,297.86,True
U1907,User_907,32,India,2025-06-26,688.59,False
U1908,User_908,42,UK,2025-06-27,376.07,False
U1909,User_909,22,Germany,2025-06-28,821.39,True
U1910,User_910,22,India,2025-06-29,146.16,True
U1911,User_911,54,Germany,2025-06-30,760.24,True
U1912,User_912,21,India,2025-07-01,136.62,True
U1913,User_913,26,Australia,2025-07-02,348.26,False
U1914,User_914,34,USA,2025-07-03,852.47,False
U1915,User_915,20,Australia,2025-07-04,208.05,True
U1916,User_916,37,Australia,2025-07-05,276.12,True
U1917,User_917,34,Germany,2025-07-06,610.99,True
U1918,User_918,28,USA,2025-07-07,652.82,False
U1919,User_919,41,Germany,2025-07-08,334.7,True
U1920,User_920,43,USA,2025-07-09,584.81,False
U1921,User_921,35,Germany,2025-07-10,976.49,False
U1922,User_922,22,UK,2025-07-11,810.3,False
U1923,User_923,56,UK,2025-07-12,656.67,False
U1924,User_924,44,USA,2025-07-13,710.77,True
U1925,User_925,54,India,2025-07-14,898.94,False
U1926,User_926,26,India,2025-07-15,942.54,True
U1927,User_927,21,USA,2025-07-16,187.08,True
U1928,User_928,40,India,2025-07-17,777.41,True
U1929,User_929,22,Australia,2025-07-18,382.22,True
U1930,User_930,27,India,2025-07-19,992.07,True
U1931,User_931,18,Germany,2025-07-20,173.55,False
U1932,User_932,22,India,2025-07-21,811.12,True
U1933,User_933,58,India,2025-07-22,753.52,True
U1934,User_934,29,India,2025-07-23,906.35,True
U1935,User_935,56,Germany,2025-07-24,159.98,True
U1936,User_936,48,India,2025-07-25,122.2,True
U1937,User_937,19,Germany,2025-07-26,501.54,False
U1938,User_938,30,Australia,2025-07-27,118.84,True
U1939,User_939,21,USA,2025-07-28,851.13,False
U1940,User_940,53,Germany,2025-07-29,873.32,False
U1941,User_941,29,Germany,2025-07-30,137.73,False
U1942,User_942,51,India,2025-07-31,413.26,True
U1943,User_943,37,USA,2025-08-01,787.34,False
U1944,User_944,39,UK,2025-08-02,303.22,True
U1945,User_945,49,USA,2025-08-03,361.64,False
U1946,User_946,55,USA,2025-08-04,121.46,False
U1947,User_947,32,Australia,2025-08-05,240.95,True
U1948,User_948,19,USA,2025-08-06,855.81,True
U1949,User_949,29,Germany,2025-08-07,642.1,False
U1950,User_950,59,India,2025-08-08,654.94,False
U1951,User_951,31,Australia,2025-08-09,398.8,False
U1952,User_952,19,India,2025-08-10,880.16,False
U1953,User_953,20,Germany,2025-08-11,325.0,False
U1954,User_954,48,Australia,2025-08-12,283.63,True
U1955,User_955,24,Australia,2025-08-13,455.2,False
U1956,User_956,38,India,2025-08-14,221.4,False
U1957,User_957,25,Germany,2025-08-15,771.31,False
U1958,User_958,26,Germany,2025-08-16,267.75,True
U1959,User_959,56,India,2025-08-17,157.47,True
U1960,User_960,35,Australia,2025-08-18,767.15,False
U1961,User_961,45,Australia,2025-08-19,619.89,False
U1962,User_962,40,UK,2025-08-20,361.82,True
U1963,User_963,36,Australia,2025-08-21,246.15,True
U1964,User_964,28,Germany,2025-08-22,464.72,False
U1965,User_965,52,India,2025-08-23,732.61,True
U1966,User_966,54,Germany,2025-08-24,213.35,True
U1967,User_967,47,India,2025-08-25,710.19,True
U1968,User_968,20,USA,2025-08-26,952.11,False
U1969,User_969,23,UK,2025-08-27,802.04,False
U1970,User_970,29,Australia,2025-08-28,602.72,True
U1971,User_971,27,UK,2025-08-29,833.21,False
U1972,User_972,35,USA,2025-08-30,309.17,True
U1973,User_973,36,USA,2025-08-31,347.61,False
U1974,User_974,49,UK,2025-09-01,502.53,True
U1975,User_975,53,Australia,2025-09-02,137.38,True
U1976,User_976,56,USA,2025-09-03,254.32,False
U1977,User_977,40,India,2025-09-04,664.64,False
U1978,User_978,50,UK,2025-09-05,518.99,True
U1979,User_979,56,India,2025-09-06,459.25,True
U1980,User_980,26,USA,2025-09-07,499.13,True
U1981,User_981,53,India,2025-09-08,224.21,True
U1982,User_982,25,Germany,2025-09-09,668.33,False
U1983,User_983,21,USA,2025-09-10,764.5,True
U1984,User_984,50,USA,2025-09-11,721.19,False
U1985,User_985,36,India,2025-09-12,909.57,True
U1986,User_986,18,India,2025-09-13,985.0,False
U1987,User_987,19,India,2025-09-14,484.09,False
U1988,User_988,35,Australia,2025-09-15,989.49,True
U1989,User_989,29,Germany,2025-09-16,817.84,True
U1990,User_990,29,Germany,2025-09-17,676.22,True
U1991,User_991,51,India,2025-09-18,948.12,False
U1992,User_992,42,Australia,2025-09-19,876.4,False
U1993,User_993,35,USA,2025-09-20,785.29,True
U1994,User_994,30,USA,2025-09-21,579.78,True
U1995,User_995,40,USA,2025-09-22,915.18,True
U1996,User_996,39,USA,2025-09-23,996.98,True
U1997,User_997,23,USA,2025-09-24,388.53,True
U1998,User_998,47,Germany,2025-09-25,443.84,False
U1999,User_999,55,India,2025-09-26,160.55,True
